<?xml version="1.0" encoding="UTF-8"?>
<actions>
        <action>
            <actionName>run</actionName>
            <goals>
                <goal>org.codehaus.mojo:exec-maven-plugin:1.2.1:exec</goal>
            </goals>
            <properties>
                <exec.args>-jar ${basedir}/target/PT_lab2-0.9-SNAPSZOT.jar</exec.args>
                <exec.executable>java</exec.executable>
                <exec.classpathScope>compile</exec.classpathScope>
            </properties>
        </action>
        <action>
            <actionName>debug</actionName>
            <goals>
                <goal>org.codehaus.mojo:exec-maven-plugin:1.2.1:exec</goal>
            </goals>
            <properties>
                <exec.args>-Xdebug -Xrunjdwp:transport=dt_socket,server=n,address=${jpda.address} -jar ${basedir}/target/PT_lab2-0.9-SNAPSZOT.jar</exec.args>
                <exec.executable>java</exec.executable>
                <jpda.listen>true</jpda.listen>
            </properties>
        </action>        
    </actions>
